"PitcherId","Pitcher"
"10109174","Kopetski, Josh"
"1000198484","Wells, Mateo"
"10105468","Young, Sam"
"825306","Ralamb, Karl"
"10922353","Brown, Kevin"
"1000142989","Nadel, Jasper"
"822389","Hemmesch, Tyler"
"10102352","Curley, TJ"
"831436","Wells, Micah"
"1000347281","Kapica, Andrew"
"826712","Achey, Thomas"
"831181","Hughes, John"
"832161","Devenney, Michael"
"1000135304","Waterman, Ben"
"839723","Michel, Sam"
"1000571892","Beasley, James"
"10308467","Glickman, Mason"
"806175","O'Donnell, Landon"
"839407","Marzo, Ethan"
"1000145290","Santerre, Ethan"
"10927946","Diaz, Brycen"
"1000439668","Galusha, Thomas"
"1000263013","Chamberlain, Liam"
"1000145375","Hines, Jacob"
"807066","Salsberg, Zev"
"835368","Fellings, Tro"
"10106346","Kochanowicz, Cole"
"830993","Curry, Stephen"
"1000507608","Payne, Alex"
"1000363576","Gyauch-Quirk, Noah"
"821517","Bollinger, MJ"
"821521","Hickman, Benton"
"1000396983","Gibson, Cole"
"826310","Barton, Hudson"
"836324","McCarthy, Dylan"
"808838","VanDeWater, Ryan"
"832396","Billings, Luke"
"10147688","Confreda, Brennan"
"1000409959","Delph, Michael"
"814196","Smith, Jack"
"10151000","Cruz, Matthew"
"10249738","Beames, Teagan"
"814519","Applefield, Kalen"
"831012","Christopher, Mason"
"829145","Snyder, Garrett"
"822764","McCain, Bryce"
"822763","Kennedy, Jake"
"1000095497","Tamm, Preston"
"1000310698","Tringe, Andrew"
"1000144772","Franco, Samuel"
"10997663","Tarisa, Hayden"
"1000266232","Scholl, Logan"
"1000275061","Mucciarone, Alfred"
"1000403367","Williams, Riley"
"1000152694","Mowad, Ian"
"1000072310","Bruno, Gregory"
"1000363270","LeFrancois, Jake"
"1000265303","Mahoney, Matt"
"10149518","Allen, Caleb"
"1000412303","Ensell, Jack"
"1000230434","Hulcher, Jackson"
"1000504618","Kuzior, Brodie"
"1000214404","Kahn, Matthew"
"824464","DeRossi-Cytron, Eli"
"1000301823","Vargas, Aiden"
"1000143508","Brown, Ryan"
"10079512","Collins, Kody"
"842265","Pavia, Niklas"
"1000143428","Foster, Jakob"
"10062877","Phillips, Mason"
"10027947","Burgess, Brady"
"10898942","Santaella, Eric"
"1000304553","Guthrie, Parker"
"1000462608","Causey, Dylan"
"1000337363","Hegarty, John"
"839726","Fryer, Justin"
"812926","Bergsma, Charley"
"816116","Jacobs, Andrew"
"1000469595","Perry, Samuel"
"830350","Telfer, Trey"
"1000252876","Moore, Kellen"
"10321666","LaPrade, Joe"
"837589","Maher, Cooper"
"10074062","Sams, Steven"
"1000273378","Currier, Nolan"
"1000369132","Silverstein, Justin"
"1000166732","Hill, Alex"
"1000336706","LaBuda, Maddex"
"1000115656","Costello, Anthony"
"1000199116","Schmidt, Samuel"
"1000390587","Ruditzky, Jack"
"1000467210","Ruggiero, Dominic"
"1000467077","Mulvaney, Jimmy"
"821733","Davis, Jack"
"10109633","Dally, Jake"
"840325","McDermott, Eamon"
"1000511452","Longoria, Tyler"
"840595","Gilson, Brayden"
"828053","Beliveau, Tanner"
"1000222328","Borrero, Ismael"
"10090619","Zimmerman, Jack"
"1000470412","Seelig, Koby"
"1000328184","Korthas, Jack"
"1000097853","Diehl, Liam"
"835480","Stone, Tyler"
"10106321","Yochum, Simon"
"1000282000","Tedeschi, Tyler"
"1000295537","Krzysiak, Brody"
"1000213935","Kerstetter, Richie"
"1000143629","Johnson, David"
"1000401321","Higgins, Matt"
"1000249842","Batt, Kyle"
"10108654","Eaton, Elliott"
"1000263844","Tamburro, Nick"
"822455","Walker, Brendan"
"828089","Wren, Grant"
"10149462","Kimble, Kaden"
"10264229","Lenahan, Jake"
"1000174557","Basso, Owen"
"1000313335","Madigan, Michael"
"1000271565","Frederick, Victor"
"1000144691","Pinsonnault, Jason"
"831961","Mass, John"
"837529","Hale, Charlie"
"836323","Deschenes, Luke"
"807132","Wall, Carter"
"1000318641","Hauser, Rex"
"1000145142","Rumpf, Brennan"
"1000190925","Sliwkowski, Drew"
"10146182","Gendi, Andrew"
"10002314","Budd, Davis"
"834974","Miller, Maddox"
"10103561","Smith, Glenn"
"1000464224","Rhodes, Parker"
"815353","Booth, Braden"
"1000337479","Mulligan, Sean"
"835934","Stahl, Zane"
"831525","Bailey, Ryan"
"10294512","Lippman, Hank"
"829229","DeLoreto, Dominic"
"813308","Lepine, Andrew"
"837528","Gilchrist, Rob"
"1000297889","Reid, Dylan"
"1000446176","Sarno, Jack"
"10318050","Doney, Josh"
"10148863","Geissler, Michael"
"1000267754","Mulvehill, Jake"
"1000144647","Hunt, Ethan"
"10031157","Milewski, John"
"1000115152","Sejnoha, Trey"
"832080","Middleton, Andrew"
"1000510342","Antelman, Keegan"
"831440","Smith, Brian"
"1000323758","Griffith, Ben"
"10150672","Rondon, Julian"
"1000390289","Gates, Garret"
"1000208284","Davis, Ty"
"263296","Riordan, Liam"
"838311","Hwang, Alex"
"803451","Power, Trey"
"839110","Lodgek, Jake"
"10180423","Lovinelli, Madux"
"838364","Heyl, Matthew"
"831151","Cruz, Angel"
"822816","Marchetti, Max"
"838148","Waddle, Cooper"
"1000139061","Gearhart, Warner"
"10148020","Brown III, Robert"
"10090742","Pleasant, Carver"
"1000571885","Keaveney, Cameron"
"1000571884","Lee, Lorcan"
"837586","Mahoney, Tom"
"10178850","Caldwell, Jackson"
"1000467061","Engle, Harrison"
"832095","Powers, Callen"
"837591","Longo, Scott"
"822820","Coniglio, Nick"
"814192","Hernandez, Chris"
"815956","Grant, Alex"
"830549","Shaw, Connor"
"839405","Gelbsman, Aidan"
"10960783","Urian, Nolan"
"10030873","Freeman, Cameron"
"815865","O'Connell, Aiden"
"840395","Cavallo, Hudson"
"837543","Spirito, Frank"
"1000389057","Calise, Rocco"
"1000571891","Dooley, Joe"
"1000115690","Bassett, Nathan"
"10923236","Formus, Sam"
"1000460180","Bounds, Burkley"
"838275","Zagar, Kyler"
"812773","Allen, Will"
"827355","Smith, Drew"
"10108803","Bradshaw, Michael"
"10147514","Taylor, Will"
"1000145570","Weber, Max"
"832255","McClaskey, Mickey"
"10150954","Jernigan, Connor"
"822825","McSweeney, David"
"814104","Schuyler, T.J."
"10108996","Bubba, Anthony"
"1000527403","Green, Artie"
"10121418","Hendrix, Charlie"
"838303","Deering, Sawyer"
"835224","Renfroe, Ryan"
"1000145668","McNaught, Ray"
"838611","Chamberlain, Chase"
"828083","Olson, Joe"
"1000352992","Luther, Vincent"
"840006","Young, Joey"
"830780","Vorster, Kian"
"1000136491","Virtudes, Timmy"
"823234","Gold, Ryan"
"1000155007","Wheaton, Gage"
"840475","Pontbriant, Dominic"
"1000561206","Gouin, Justin"
"10074043","Morr, James"
"838048","Leed, Braden"
"1000467076","Miller, Brendon"
"10139899","Creed, Will"
"1000194913","Santivanez, Nicholas"
"1000145336","Ballou, Jack"
"834646","Gregory, Calvin"
"815871","Lane, Connor"
"1000463233","Jennings, Parker"
"827866","Bradley, Grant"
"1000145617","Kelly, Nick"
"1000236632","Poncini, Michael"
"1000439977","Bouchard, Brady"
"1000187241","Hinchliffe, Jackson"
"1000145756","Bronson, Steven"
"1000150216","Coleman, Will"
"10106652","Sarre, Serigne"
"10303050","Kennedy, Jacob"
"839430","Hartman, Trace"
"1000304871","Guzman, Randy"
"1000349851","Arroyo, Ashton"
"10050660","Trout, Luke"
"837524","Aasland, Tristan"
"1000096079","Yennaco, Cole"
"824472","Falla, Nick"
"1000347188","Colagrande, Hunter"
"815405","Gregor, Jake"
"837403","Ogg, Robert"
"834868","Edwards, Mack"
"10314161","Jachens, Lukas"
"1000460328","Lind, Parker"
"10997666","Lazaro, Danny "
"1000161274","Jones, Charlie"
"1000571654","Paradis, Jordan"
"1000390898","Collender, Sebastian"
"828347","Schlote, Nate"
"10070692","Rose, Ethan"
"10083845","Berry, Noah"
"1000323482","Geisler, Nolan"
"1000142957","Brown, Ian"
"1000149335","Kiafoulis, Anthoni"
"839428","Fleming, Eli"
"1000571883","Gamelli, Gian"
"1000231088","Brodt, Walker"
"837536","Peters, Kyle"
"1000368863","Fithian, Luke"
"1000279173","Koch, Bryce"
"1000480612","Pontbriant, Dominic"
"1000336839","Faulcon, Kayden"
"1000278041","Rettig, Will"
"1000437384","Magill, Gus"
"10285333","Creighton, George"
"1000092129","Whitehill, Simmi"
"1000450055","Terzo, Noah"
"1000115702","Blumetti, Tyler"
"1000404002","Hawes, Jack "
"1000145419","LaParde, Joe"
"1000349944","Sotero, Quinn"
"830275","Giangreco, Kristofer"
"1000261675","Sullivan, Thomas"
"1000419281","Vicini, Brant"
"1000336830","Paradis , Gordan "
"831148","Basel, Andrew"
"1000455563","Dawson, Jack"
"1000126772","Andrews, Jake"
"1000255572","Elson, Beau"
"1000161267","Denton, Aiden"
"1000452695","Anderson, Rhys"
"1000229021","Wertz, Andrew"
"832419","Lordi, James"
"1000450955","Rosario, Thomas"
"1000455530","Forrest, Charlie"
"813967","Fernandez, Michael"
"811689","Mastroianni, Marcello"
"1000352719","Donahue, Marshall"
"831902","Tahnk, Owen"
"1000361569","Lepine, Andrew "
"1000144645","Miles, Elliot"
"1000136252","Buecker, Brendan"
"1000091387","Reese, Ripken"
"1000142924","Wywoda, Declan"
"10106426","Longoria, Tyler"
"1000298738","Oppenheim, Drew"
"10270744","Creighton, Jay"
"1000356055","Smith, Drew"
"1000452694","Bardwell, Jacob"
"830748","Mitchell, Sam"
"1000302007","Donohue, Gavin"
"1000288611","Bott, CJ"
"10310495","Aasland, Tristan"
"809871","Olson, Logan"
"806177","Ossenfort, Matt"
"809083","Seymour, Randy"
"1000307659","Rooks, AJ"
"806050","Craska, Petey"
"1000213617","Crochet, Reese"
"1000222324","Steed, Thrasher"
"1000115740","Kernodle, Jake"
"805005","Elarton, Kenan"
"10291355","Direnzo, Matthew"
"825277","DiLorenzo, Jackson"
"1000339433","Spadaccini, Teo"
"10274050","Ellis, James"
"814834","McDevitt, Josh"
"1000142876","Goglia, Brian"
"10920883","Kasbarian, Alexander"
"815487","Lollin, Harrison"
"10135925","Mitchell, John D"
"1000273329","Winn Jr., TJ"
"10061232","McCarthy, Dylan"
"1000392179","Leon, Pedro"
"1000392646","Beard, Austin"
"830749","Ball, Connor"
"10927804","Floyd, David"
"1000283347","Magdits, Logan"
"806243","Teague, Nate"
"1000278790","Yozzo, Stefano"
"1000271314","Helmick, Tristan"
"1000397875","Noble, Nick"
"1000152863","Puglisi, Nolan"
"1000181678","Powers, Jackson"
"1000372563","Battersby, Calvin"
"1000228989","Parks, Samuel"
"1000305021","Ruggiero Jr., Johnny"
"1000270096","Thompson, Jt"
"1000397399","Stephenson, Sean"
"1000138110","Stang, Bobby"
"1000367090","Hanawalt, Chase"
"1000222329","Wajda, Jack"
"804418","Jergins, Andrew"
"830140","Geddes, Trevor"
"10103201","Slowik, Ethan"
"1000320525","McCrary, Max"
"1000383915","Morris, Brenden "
"1000276164","Chaffee, Evan"
"1000388162","Crowe, Owen"
"1000145419","LaPrade, Joe"
"809063","Peek, Connor"
"831313","Ellison, Oliver"
"831310","Bell, Tadan"
"1000148970","Ozias, Logan"
"1000448230","Gill, Ben"
"1000144622","Toriello, Connor"
"1000348027","Cook, Alex"
"1000396951","Libby, Jason"
"1000229010","Friedman, Pierce"
"811691","Melton, Nic"
"814199","Julius, Blake"
"1000450954","Polley, Griffin"
"801953","Whitmer, Marshall"
"830781","Murphy, Casen"
"1000390611","Broadhead, Teague"
"1000448871","Nichols, James"
"815516","O'Leary, Cade"
"1000296897","Perry, Braeden"
"828754","Lavigueur, Luc"
"1000220122","Wolf, Conor"
"1000302081","Burns, William"
"831909","Dowling, Ryan"
"1000106568","Newell, Will"
"10307830","Griffin, Conner"
"1000226268","Potter, Aaron"
"10120803","Harrigan, Will"
"810942","Hertzler, Noah"
"824039","Dowdle, Colin"
"809690","Griffin, Ryan"
"10312382","Deschenes, Luke"
"1000303711","Wilson, Ethan"
"1000092109","Hilburger, Kaden"
"1000142956","Hoxie, Hunter"
"816124","Kieck, Chayce"
"824525","Rabatin, Ben"
"1000191262","McNeely, Colby"
"1000161915","Dubie, Peter"
"10035105","Davis, Morgan"
"811253","Fehrman, Cole"
"1000168229","Moynihan, Robert"
"808836","Pascarelli, Kolby"
"1000397490","Gunzy, JT"
"822508","Johnson, Carson"
"822651","Koshy, Andrew"
"1000121044","Hsu, Brandon"
"1000260489","Spizzoucco, Vincent"
"807285","Bristow, Tristan"
"831929","Renner, Carson"
"1000343757","Adams, Brandon"
"1000257097","Salvati, Kyle"
"1000341489","Petraitis, AJ"
"1000143908","Nevills, EJ"
"1000374122","Ogg, Robert"
"1000356066","Hutchinson, Sam"
"1000151623","McLendon, Harper"
"809687","Hauser, Joseph"
"10146226","Matuschat, Bryan"
"822665","McKnight, Bryce"
"830133","Niedringhaus, Jack"
"1000107529","Peters, Kyle"
"1000361023","Barroqueiro, Jayden"
"1000139034","Reyes, Matt"
"10264251","Dean, Ben"
"10108366","Quinn, Jonathan"
"815192","Gatwood, Connor"
"1000139635","Zajac, Chris"
"828760","Lasbury, Robert"
"833079","Harris, Leighton"
"830332","Felder, Ross"
"824291","O'Brien, Finbar"
"832380","Kulik, Marcel"
"1000152829","Taylor, Cole"
"815342","Ashford, Ryan"
"810845","Connolly, Cade"
"1000297888","Hicks, Baylor"
"10120441","Malone, John"
"832395","Bowie, Rhys"
"1000449461","Foster, Jake"
"1000301043","Peel, Nolan"
"1000437907","Pazdera, James"
"1000237203","Valenzuela, Sal"
"1000142463","Surigao, Joshua"
"1000139001","Golier, Grady"
"10149328","Albert, Cooper"
"1000337227","Kossow, Jackson"
"804897","Decker-Petty, Aydan"
"10102739","Zaslaw, Sean"
"809583","Downing, John"
"1000223433","Wallace, William "
"1000208245","Broderick, Zach"
"1000436792","Martinez, Christian"
"807310","Kling, Corey"
"1000417960","Progulske, Liam"
"1000231706","Tambascia, Nico"
"1000242930","Grotyohann, Connor"
"811679","Helsel, Garrett"
"822797","Hobb, Jerek"
"1000378182","Kinneen, Liam"
"1000452694","Bardwelll, Jacob "
"1000452694","Creighton, George"
"1000142838","Dowd, Aidan"
"831906","Abler, Andrew"
"816126","Wilkie, Anthony"
"1000358320","Synodi, Robert"
"10927804","Floyd , David "
"10148229","Coyne, Marty"
"821731","Brassill, Zach"
"1000132192","Davis, Jacob"
"10279344","Swiencicki, Eric"
"814150","Cropper, Jack"
"826692","Rogovic, Andrew"
"831092","Koenen, Drew"
"1000376523","Cordero, Anthony"
"830127","Bridenthal, Eli"
"1000144605","Hale, Charlie"
"831005","Torres, Jayson"
"1000352719","Donahue , Marshall "
"703634","Kniebbe, Todd"
"832478","Landwehr, JT"
"1000115694","Heyl, Matthew"
"1000121814","Peterson, Jonathan"
"1000390606","Richardson, Cole"
"1000095892","Potteiger, Jack"
"830747","Kittrell, Zach"
"10927755","Yesu, Trey"
"1000142849","Hwang, Alex"
"814347","Johnston, Jett"
"828457","Gluckman, Bryce"
"824032","Mascott, Cole"
"1000103223","Poliey, Clayton"
"1000213828","Villegas, Nash"
"1000305024","Hunkele, Nick"
"824471","Emmons, Kyle"
"1000233167","Melton, Nichols"
"827305","Lund, Ethan"
"1000383915","Morris, Brenden"
"1000391924","Ramnarace, Randy"
"1000404002","Hawes, Jack"
"1000167064","Franconere, JC"
"1000298954","Bruno, Matt"
"10108154","Callanan, Brendan"
"702552","Phillips, Brennan"
"1000114834","McMahon, Noah"
"832383","Yagesh, Brendan"
"830242","Hilker, Michael"
"702687","Colasante, Gio"
"823007","Lettow, Rohan"
"1000276163","Batuyios, Chris"
"813394","Shenosky, Skip"
"1000348964","Weaver, JT"
"815513","Neely, Jake"
"1000390604","Hughes, Caleb"
"10951258","Evard, Coen "
"814108","Hooker, Jake"
"10108925","Nowak, Ethan"
"1000209240","Shaw, Greg"
"807111","Alagheband, Luca"
"1000145314","Tarisa, Hayden"
"10083988","Winslow, Ben"
"10089215","Penswick, Robbie"
"1000146392","Smith, Koen"
"10317544","Brailey, Beau"
"1000259621","DeLucia, Drew"
"813960","Gay, Alex"
"10118762","Pino Jr., AJ"
"831150","Mulligan, Brett"
"830137","Chronister, Ashton"
"1000309655","Duffield, Joseph"
"10935123","Caruso, Jayden"
"10059739","Scheidt, Toby"
"811669","Gaines, Andrew"
"833476","Guerrero, JT"
"1000121029","Camera, Dominic"
"1000395802","Bedford, Chris"
"10146042","Sheehy, Ryan"
"1000209251","Pudvar, Oliver"
"10011442","Isler, Nate"
"1000317140","Davis, Sean"
"10302553","Rose, Liam"
"1000448230","Gill, Benjamin"
"831902","Tahnk, Owen "
"1000283347","Magdites, Logan "
"1000143112","Deitelbaum, Trey"
"1000388695","Rehkow, Ben"
"10927622","Lee, Matt"
"832094","Belliveau, Sam"
"10103730","Gilleran, James"
"1000214486","Kane, Nick"
"10121429","Wolff, Devin"
"695535","Debiec, Max"
"831896","McHugh, Ryan"
"1000193766","Albert, Eddie"
"1000439090","Rodriguez, David"
"810027","Rivera, Josh"
"1000244716","Valentine, Joseph"
"1000189235","Kopalchick, Isaac"
"10927807","Plummer, Mikey"
"809589","Ehly, Anthony"
"10105590","McDermott, Kyle"
"1000072067","Perez, Sebastian"
"10279133","Murphy, Nick"
"1000197357","Montelbano, Cooper"
"1000144733","Minckler, Matthew"
"10935745","Buecker, Brandon"
"815483","Lee, Oisin"
"1000213680","Mazza, Steven"
"1000361565","Goldberg, Thomas"
"1000115340","Whitney, John"
"10927624","Polumbo, Josuha"
"1000397837","Martin, Adam"
"800761","Lysik, Brendan"
"1000254727","Apple, Foster"
"1000301572","Alvarez, David"
"702514","Shatwell, Kade"
"703633","Walsh, Alex"
"815624","Tomlinson, Houston"
"10149314","Ziance, Austin"
"1000278037","Rollo, Jack"
"1000298943","Cutler, Andrew"
"1000216125","Coleman, Aidan"
"1000262201","Cook, Aiden"
"10927947","Ciaglo, Andrew"
"1000231662","Reiser, Nick"
"10927623","Montesa, Dawson"
"831162","Zatopek, Matt"
"1000139769","Savinon, Jordan"
"1000327341","Daniel, Conlan"
"1000220099","Howard, Flynn"
"809996","Levine, Jack"
"10278669","Cheeseman, Jeremy"
"1000214004","DiRito, Nicholas"
"1000143939","Castrichini, Joe"
"1000384696","Belcher, Michael"
"1000235155","Munn, Drew"
"1000443186","McDermott, Kyle"
"815616","Lyne, Blayne"
"822432","Coe, Chandler"
"1000145631","Pavia, Niklas"
"10002465","Smith, Braeden"
"1000182787","Cohen, Daniel"
"695650","Green, Glenn"
"10927803","Beassill, Zachary "
"1000361569","Lepine, Andrew"
"1000298954","Bruno, Matthew"
"1000214121","Chambers, Joseph"
"805563","Coppola, Christian"
"809696","Walsh, Carson"
"813955","Abbazia, Joey"
"1000362743","Geiser, Jack"
"821721","Lendrum, Parker"
"10109409","Halcisak, Josh"
"1000274229","Heney, Kellan"
"10877911","Paolicelli, Anthony"
"831006","Byrne, Connor"
"1000132334","Spizzoucco, Vince"
"10147567","Sanford, Braydon"
"831938","VanOstenbridge, Matthew"
"10927948","Miles, Parker"
"1000229020","Brulport, Max"
"1000135373","Walsh, Jackson"
"1000310654","Burke, Keegan"
"10055103","Chae, Yoon"
"822579","Martinez, Matthew"
"1000241966","Cheatham, Cole"
"1000298959","Kling, Corey"
"1000127362","Diaz, Christopher"
"810069","Lajoie, Josh"
"1000337294","Fletcher, Matthew"
"1000202749","Seils, Brett"
"811688","Lorenzetti, Michael "
"1000156791","Extra 1 "
"10319698","Kell, Kevin"
"10020326","Tolis, Emmett"
"1000181450","Extra 2 "
"1000216593","Dowling, Brian"
"1000181451","Extra 3 "
"1000257498","Waltz, Logan"
"1000298645","Oshinskie, Ryan"
"1000152866","Schwede, Rian"
"814550","McCarley, Derek"
"822471","Podeszwa, Connor"
"801295","Dunham, Brett"
"1000190785","Niedringhaus, Jack"
"1000368864","Gleason, Zachary"
"808787","Traeger, Jax"
"1000192108","Volo, Jack"
"824014","Buckler, Ryan"
"822453","Young, Brian"
"695500","Brooks, Daniel"
"811305","Olivera, Brandon"
"701726","Beeker, Merritt"
"810962","Hindy, Mark"
"804274","Fernald, Josh"
"1000335321","Collins, Sayers"
"1000109987","Scibilio, Matt"
"825098","Mishoulam, Aaron"
"1000075129","Alexander, Ethan"
"1000227940","Simes, Michael"
"10149048","Lavigueur, Luc"
"10061005","Sherman, Sam"
"10130991","Krieger, Jason"
"1000352880","Gannon, Jack"
"1000249306","Lapham, Jacob"
"1000139599","Anvar, Bijan"
"10027286","Keevan, Josh"
"1000337472","Knox, Johnny"
"10291236","Douglas, Ryan"
"1000229020","Brulport, Maxwell"
"1000023387","Danchision, Marcus"
"1000160720","Price, Jacob"
"1000183704","Gormley, Andrew"
"1000268371","Culpepper, Cal"
"1000108242","Hardy, Halton"
"10109004","Helwig, Dennis"
"1000275546","Luczak, Andrew"
"1000229004","Iannibelli, Jack"
"10108632","Morris, Zach"
"811707","Simpson, Max"
"808829","Ellisen, Thomas"
"1000321253","Robbins, Clay"
"807156","Kovala, Michal"
"1000050029","Holt, Campbell"
"1000276599","Brailey, Beau"
"806447","Coleman, Aidan"
"1000112692","Ball, Connor"
"1000120926","Ulsh, Mason"
"1000121806","Interdonato, Reed"
"10114473","McAliney, Daniel"
"1000305030","Benzinger, Derek"
"811686","Leckszas, Kai"
"1000348264","Hale, Charlie"
"806141","LeGuernic, Justin"
"10072101","Brown, Luke"
"1000029024","Cox, Tyler"
"1000337212","Cole, Jackson"
"822710","Schlageter, TJ"
"695498","Blake, Drew"
"1000354709","Tolis, Emmett"
"1000115013","Vohra, Jafar"
"1000156254","Fox, Spencer"
"1000351679","Pazdera, Clint"
"809248","Walker, Adam"
"1000353163","O'Donnell, Aidan"
"1000264274","Fedeli, Chad"
"1000136567","Lauria, Matthew"
"10025059","Jensen, Mikey"
"822650","Gunther, Josh"
"1000269965","Bangs, Stephen"
"1000136202","Finn, Sean"
"1000348963","Guidas, Nick"
"805530","Oschell, Charlie"
"1000307666","Torres, Chris"
"1000246567","Narayanan, Naaveen"
"10312140","Falter, Nick"
"823755","Chieffalo, Dominic"
"1000139830","Moss, Max"
"1000268600","Timpanelli, Nick"
"808831","Carrea, Joe"
"10019662","Van Buren, Ryan"
"10066575","Bean, Jacob"
"1000339344","Galaz, Jacob"
"1000258490","Mach, Alex"
"10022960","Lavoie, Kenneth"
"1000338777","Foster, Max"
"801965","Kelsey, Carter"
"811688","Lorenzetti, Michael"
"1000337305","Harris, Connor"
"1000298955","Haug, Max"
"813394","Shenosky, Ben"
"10120828","Colagrande, Aidan"
"1000297446","Toriello, Connor"
"1000352878","Clark, Brady"
"692153","Grabmann, Matthew"
"1000115287","Marot, Jordan"
"1000133997","Sahler, Cian"
"814821","Dean, Mitchell"
"1000051639","Noriega, Gavin"
"1000349010","Tabet, Matthew"
"10148594","Renner, Carson"
"809594","Wentworth, Jack"
"822484","Levesque, Trystan"
"822648","Kramkowski, Owen"
"1000250692","Hamberger, Evan"
"1000100091","Ey, Brooks"
"1000236438","Alexander, Brad"
"1000338759","Terwilliger, Dylan"
"809064","Wywoda, Jaden"
"824180","Vidal, Andre"
"809596","Dowlen, Colin"
"1000328860","Flaherty, Tommy"
"1000310631","Burke, Colin"
"1000352879","Meehan, Harry"
"10317571","Friedman, Pierce"
"811675","Greeley, JD"
"803404","Steele, Anthony"
"1000233707","Fox, Owen"
"1000216275","Spada, Matthew"
"1000353485","Liriano, Robert "
"10273790","Peterson, Jonathan"
"1000259699","Cardenas, Aidan "
"10268168","Sabbath, Joseph"
"1000276755","Dodder, Griffin "
"1000139632","Fidanza, Christopher"
"1000352883","Greene, Aidan"
"822523","Stewart, Braxton"
"10025171","Goldberg, Thomas"
"823761","Haas, Peter"
"1000337279","Posnik, Justin"
"1000116126","Bello, Jack"
"1000258644","Pauley, Truman"
"821888","Volo, Jack"
"10109669","Mascott, Cole"
"10317333","Balcom, Nicholas"
"1000164504","Berg, Andrew"
"10284855","Tarsia, Hayden"
"1000224354","Landwehr, JT"
"1000337283","White, Landon"
"806200","Raidt, James"
"1000181455","Arnold, Zeph"
"822522","Starke, Ty"
"1000220727","O'Dell, John """"Casey"""""
"807292","Bevis, Logan"
"1000115586","Deliyannis, Harry"
"1000228956","Cleary, Cole"
"801301","Beauchesne, Jack"
"808746","Swistak, Turner"
"1000140294","Crider, Nate"
"1000264506","Voli, Joseph"
"1000150578","Hooks, Blake"
"822586","Lessman, Jared"
"804850","Gaspard, Jackson"
"1000263839","Cedrone, Marc"
"1000230356","Kabel, Jack"
"1000337204","Flint, Harper"
"1000342777","Jackson-Murphy, Geordan"
"1000156439","Hall, Dane"
"10088601","Francis, Jake"
"806201","Randall, Cal"
"1000311177","Johnson, Axel"
"10073965","Cangelosi, Jack"
"1000352086","Zenger, Jacob"
"1000268617","Tuttoilmondo, Joey"
"1000251274","Olsovsky, Dalton"
"1000352882","Vonhorn, Derek"
"821734","Olivo, Cam"
"1000331075","Tully, John"
"802612","Krupp, Aidan"
"806031","Beruvides, Freddy"
"1000091621","Schuyler, TJ"
"1000340842","Puglisi, Nolan"
"1000337209","Perron Jr, Daniel"
"1000242927","Urena, Jeremy"
"1000077150","Vanesko, Jackson"
"10070155","McHugh, Ryan"
"1000132039","Driscoll, Dan"
"1000337459","Eshleman, Jack"
"1000098402","Bradley, Ryan"
"10132481","Ramnarace, Randy"
"1000092299","Johnson, Andrew"
"10290678","Gibbons, Marko"
"1000350290","Keefe, Anthony"
"1000127212","Young, Jacob"
"1000350289","Houghton, Andrew"
"1000320517","Denomme, Charles"
"10065188","Logie, Dawson"
"1000188439","Pingeton, Anthony"
"10103497","Greene, Aidan"
"10019826","Vonhorn, Derek"
"801304","Jones, Will"
"1000253048","Wootton, Matthew"
"10138563","Alekson, Ben"
"10033018","Pavone, Dante"
"1000239961","Varner, Jaden"
"1000264276","Leak, Anthony"
"813612","Wilson, Harrison"
"1000209240","Shaw, Gregory"
"1000337321","Laird, Zachary"
"1000320517","Denomme, Charlie"
"10032103","Lyke, Ethan"
"1000333763","West, Charles"
"1000221052","Kent, Tommy"
"822757","Duke, Tanner"
"1000338337","Alduino, Matthew"
"814216","Cordova, Deegan"
"1000231181","Sibley, Joshua"
"1000233714","Kutz, Charlie"
"822354","Shaw, Hunter"
"1000115586","Deliyanis, Harry"
"1000142523","Gervase, Will "
"10283381","Manarchuck, Jerome"
"1000120985","Capell, Mark"
"10109407","Butash, Mason"
"1000111406","Conradt, Jonah"
"10148115","Morano, Joshua"
"1000187787","Cook, Jake"
"1000097819","Lacy, Peyton"
"1000338338","Jones, Andrew"
"1000090271","Butler, Rob"
"1000139059","Florio, Trace"
"1000338777","Foster, Matt"
"1000337295","Furey, CJ"
"10075625","Turner, Tommy"
"822041","Pruett, Brad"
"1000350289","Houghton, Andrew "
"822466","Seeker, Scott"
"1000121783","Hacker, John"
"806256","Waid, Ty"
"701601","Case, David"
"10028004","Gleason, Zach"
"822724","Ramos, Sachem"
"10108270","Foster, Max"
"1000114720","Ciccone, Frank"
"1000126690","Jaun, William"
"1000072778","Mattioli, Christopher"
"1000337455","Carozza, Kyle"
"1000149780","Trisch, Colton"
"1000268918","Carlson, Hayden"
"811693","Muscar, Tyler"
"1000301567","Payamps, Andrelys"
"1000076015","Schiff, Cole"
"1000297446","Torrielo, Connor"
"1000143154","Holcombe, Colby"
"1000143029","Burke, Mac"
"1000342776","Zhang, Martin"
"1000259834","McKinstry, Tyler"
"1000250746","Caldon, Michael"
"1000129078","Brown, Matt"
"1000126649","Shockley, Jason"
"1000119720","Carmack, Kyler"
"694921","Conte, Nick"
"1000276333","Tuttoilmondo, Giuseppe"
"1000190946","Tross, Owen"
"1000116748","Jankowski, Alex"
"1000337486","Purcell, Joseph"
"1000228956","Cleaary, Cole"
"1000138099","Cash, Steven"
"1000121553","Roche, Kyle"
"1000078630","Bosecker, Cory"
"1000132017","Nies, Cohen"
"1000132352","Oldham, Billy"
"1000133865","Johnson, Ashton"
"1000078212","Bradford, Ethan"
"825113","Fettinger, Eric"
"1000209243","Kwiatkowski, John"
"10034310","Williams, Isaac"
"10063929","Castelluccio, Andrew"
"802372","Green, Griffin"
"1000214000","Foley, Brian"
"1000188587","Burns, Dane"
"1000142523","Gervase, Will"
"10035308","Pauley, Truman"
"10316246","Trombley, Joseph"
"1000207188","Szturma, Mike"
"1000048550","Minckler, Ryan"
"703538","Pelzer, Xavier"
"1000222089","Topolski, Chase"
"1000127405","Zguro, Matthew"
"1000074568","Gallagher, Chris"
"806195","Plasschaert, Zach"
"810845","Connolly, Caden"
"1000255785","Kuskie, Darin"
"10147513","Ramos, Sachem"
"1000125329","Perryman, Nick"
"1000236633","Rubayo, Andrew"
"1000329507","Teer, Jackson"
"10022253","Melani, Tj"
"1000133555","Maher, Adam"
"1000275074","Sime, Cam"
"1000250746","Caldon, Mike"
"10064933","Evans, Tate"
"1000098466","Kiritsis, Daniel"
"10071106","Adams, Brandon"
"810845","Conolly, Caden"
"815200","Erdmann, Drew"
"702669","Diamant, Demitri"
"823755","Chieffalo, Dominic "
"1000168199","Glenchur, Paul"
"1000207188","Szturma, Michael "
"10312140","Falter, Nick "
"809596","Dowlen, Colin "
"1000233714","Kutz, Charlie "
"1000168199","Glenchur, Paul "
"814969","Stanyek, Alex"
"1000158516","Viebrock, George"
"1000301816","Bibb, Ryan"
"1000139059","Florio, Trace "
"822757","Duke, Tanner "
"1000258490","Mach, Alex "
"10273790","Peterson, Jonathan "
"10283381","Manarchuck, Jerome "
"801965","Kelsey, Carter "
"1000181455","Arnold, Zeph "
"1000127362","Diaz, Christopher "
"10268168","Sabbath, Joseph "
"1000132418","Ryan, Dillon"
"1000274375","Sutherland, Curry"
"1000309650","Cowburn, Carter"
"10025253","Ellison, Chris"
"1000264276","Leak, Anthony "
"1000338337","Alduino, Matthew "
"1000216275","Spada, Matthew "
"1000242927","Urena, Jeremy "
"1000092299","Johnson, Andrew "
"811688","Lorenzetti, Michael 	"
"10319698","Kell, Kevin "
"1000098466","Kiritsis, Daniel "
"1000222089","Topolski, Chase "
"10284855","Tarsia, Hayden "
"10148594","Renner, Carson "
"1000105854","Wilson, Peyton"
"1000105861","O'Neill, Josh"
"1000105842","Baeyens, Justin"
"1000055217","Harrigan, Jackson"
"1000105860","O'Donnell, Brendan"
"1000058018","Rettig, Luke"
"1000106798","Cubbler, Jake"
"1000055808","Prarie, Rojo"
"1000099994","Henry, Jared"
"1000054458","Scott, Parker"
"1000113822","Baratta, Dominic"
"1000075454","Knowles, Nathan"
"1000231719","Tucker, Aidan"
"1000216495","DiaGiacomo, Fenix"
"10016068","Gardner, Patrick"
"1000122864","Montgomery, Quinlan"
"1000116179","Mcauliffe, Nick"
"1000121020","Metzger, Jack"
"1000079388","Keenan, Jack"
"1000124409","Taddei, Val"
"10015077","Link, Jonathan"
"1000167944","Sylvia, Jack "
"1000105921","Joy, Josh"
"1000027358","Stefanoni, Enzo"
"1000099935","Hill, Spencer"
"1000076019","Gadd, Jared"
"1000105920","Bennett, Blake"
"1000055493","Becker, Joshua"
"1000065095","Rodriguez, Joe Joe"
"1000213937","McCausland, Will"
"1000103338","Sparks, Nolan"
"10035903","Alejo, Randall"
"1000235196","D'Alessio, Andrew"
"1000257069","Sylvia, Jack"
"1000124409","Taddei, Valentino"
"1000175357","Risse, Aiddan"
"1000261092","Smith, Benjamin"
"804863","Danilowicz, Wyatt "
"1000232234","Gibbs, William"
"10017773","Morrissey, Micheal Thomas"
"1000123003","Reyes, Randy"
"10019554","Moss, Max"
"1000109967","Paoli, William"
"1000249348","Hoffacker, William"
"1000103266","Hughes, Tommy"
"1000051213","Stallings, Cole"
"10038706","Book, Colton"
"1000119292","Rodriguez, Joel"
"1000052424","Drumheller, Sam"
"1000175356","Risse, Aidan"
"10164826","Kolenda, Jordan"
"1000078054","Rizzo, John"
"1000214662","Smink, Eddie"
"1000132347","Clark, Curtis"
"1000092569","Ballard, Carson"
"701828","Lunsford-Shenkman, Wyatt"
"1000132411","McFall, Brendan"
"1000134735","Wainer, Austin"
"804255","Barrett, Seamus"
"181813","Brook, Colton"
"1000149830","Jette, Jacob"
"1000125284","Heisner, Peyton"
"694892","Bosley-Smith, Collin"
"1000051170","Groller, Aaron"
"1000112319","Carpenter, Luke"
"1000156201","Lewis, Noah"
"10017811","Caverly, Connor"
"1000143969","Simes, Michael"
"1000132413","Parker, Maxwell"
"1000050117","Scott, Ryan"
"10019558","Ostensen, Peter"
"1000050520","Walker, Jack"
"1000103267","Hughes, Tommy"
"1000121042","Savedoff, Corey"
"812444","Benneche, Luke"
"1000051459","Pedersen, Ben"
"1000054023","Hellgeth, Bryce"
"1000070787","Leibold, Nate"
"1000119536","Leys, Caleb"
"1000110000","Allen, Joe"
"1000249347","Gitlin, Max"
"1000100022","Thompson, Jay"
"1000120797","Ostrander, Braden"
"1000249203","Thompson, Nick"
"1000125290","Dragon, Micheal"
"10126644","Gallagher, Chris"
"1000078257","Frye, Carson"
"1000175357","Risse, Aidan"
"1000150266","Walker, Brendan"
"1000093748","Byers, Evan"
"1000175357","Risse, Aiden"
"1000050100","Adams, Ben"
"1000078897","Given, Zack"
"1000121011","Cox, Tyler"
"1000132389","Afthim, Bryce"
"1000192078","Dessart, Spencer"
"1000101263","Portnoy, Sam"
"1000249141","Brown, Daniel"
"1000125309","Allman, Tommy"
"1000258594","Reynolds, Hunter"
"1000249144","Sanchez, Francisco"
"1000257763","Rowe, Matthew"
"693651","Quinlivan, James"
"1000077524","Rice, Garrett"
"191180","AuClair, Chris"
"1000137229","Dexter, Ross"
"1000232841","Brodeur, Colin"
"8891200","Smith, Benjamin"
"1000079036","Humphrey, Kaden"
"684862","Davis, Nick"
"808837","Quinn, Braden"
"1000156269","Cianciolo, Tim"
"701684","Bautista, Jonathan"
"1000138597","Smith, Benjamin"
"1000197967","Ballard, Thomas"
"1000099081","Durow, Harrison"
"1000229006","Haas, Peter"
"1000120986","Tornberg, Tyler"
"1000136524","Chapman, Max"
"1000259199","Gardner, Patrick "
"1000259200","Crider, Nate"
"1000187790","Monistere, Nick"
"1000077429","Howe, Christian"
"10025822","Callano, Nick"
"1000050508","Harris, Leo"
"1000084075","Cameron, Zach"
"809806","Ballard, Carson"
"1000068602","Boyle, Nick"
"1000132363","Simpson, Garret"
"801001","Delorbe, Ryan"
"1000093625","Ellisen, Tommy"
"10015310","Kelleher, Daniel"
"1000156015","Podeszwa, Connor"
"813861","Rodriguez, Alec"
"1000120995","Mazza, Joe"
"808811","Padilla, Bryan"
"1000110690","Mounts, Camden"
"692121","Roberts, Ben"
"1000130843","Weidinger, Michael"
"1000047671","Scinta, Chris"
"1000236349","Tedesco, Jake"
"1000224303","Yagesh, Brendan"
"1000123094","Duquette, Jagger"
"10017773","Morrissey, Michael (M.T.)"
"1000156135","Seitter, Kevin"
"1000074560","Umberger, Grant"
"1000264273","Bowery, Jack"
"1000132345","Phillips, Peter"
"1000103252","Francisco, Brent"
"1000249182","Clark, Brayden"
"1000249148","Falco, Jordan"
"1000192471","Duarte, Sawyer"
"1000271158","Vasquez, Jairo"
"1000101362","Catlett, Everett"
"1000083999","Favieri, Sam"
"1000013173","Smith, Brandon"
"1000127209","Gottam, Santhosh"
"1000121032","Andrade, Ryan"
"702615","Horn, David"
"1000123015","Kelley, Jack"
"809059","Macchiarola, Danny"
"1000156081","Mullen, Jack"
"184992","Bowker, Cody"
"1000120960","Dee, Ryan"
"1000103266","Hughes , Tommy "
"804113","Hunter, Jake"
"10015803","Hughes, Nolan"
"1000076944","Logusch, Alex"
"813669","Sashin, James"
"1000121153","Pender, Nolan"
"1000265444","Lariviere, Lucas"
"1000179888","Dooley, Joe"
"1000099914","Defabbia, Anthony"
"1000120977","Shaw, Colton"
"1000258490","Mach, Alexander"
"10024010","Lincoln, Nolan"
"809593","Cinnella, Joe"
"808828","Quigley, Michael"
"1000132394","Murray, Terry"
"1000016367","Arrigo, Jason"
"1000264275","Palumbo, Jaden "
"1000103254","Helmstetter, Blake"
"1000223428","Fletcher, Matt"
"1000248623","Honeycutt, Justin"
"1000233610","Cannata, Nicholas"
"1000255474","Poindexter, Jake "
"1000264750","Voli, Joseph"
"1000219909","Clare, Pierce"
"1000090800","Thomas, Kurtis"
"1000235829","Ketterman, Zach"
"1000079219","Gale, William"
"1000263637","Edwards, Brad"
"1000249308","Willis, CJ"
"1000158626","Goldmann, Jordan"
"1000164558","Borcherding, Brett"
"1000263638","Rosenfield, Samuel"
"804705","Ciminiello, Michael"
"1000262920","Chieffalo, Dominic"
"1000122961","Goodlad, Grant"
"809800","Snyder, Dan"
"10050311","Rossy, Kyle"
"1000264116","McLaughlin, Duncan"
"810837","Ebner, Michael"
"1000052041","Erbeck, Jack"
"809071","Scanlon, Sean"
"1000264273","Bowery, Jack "
"1000264275","Palumbo, Jaden"
"1000212783","Moran, Landon"
"1000191401","Perry, Braeden"
"1000098361","Lombardi, Bradley"
"1000092781","Chalus  Jr., Eric"
"1000124399","Tolliver, Teddy"
"1000139900","Hunter, Russell"
"1000262450","Pappas, Nick"
"804901","Campbell, Kayden"
"1000100240","Marcoccio, Dominic"
"1000121548","Galef, Dan"
"1000122020","Waugh, Nathan"
"1000103684","Martinez, Andre"
"1000079170","Rosso, Santino"
"1000264272","Bertsch, Connor"
"1000125356","Hernandez, Julien"
"1000051265","Stellpflug, Gavin"
"1000115160","Player 1, Extra"
"1000191560","Tobin, Will"
"1000234966","Hussey, Danny"
"1000156067","Battipaglia, Ian"
"1000237541","Murray, Devin"
"1000179573","Dragon, Michael "
"1000136484","Bickford, Jason"
"808844","Abbadessa, Jude"
"1000187145","Banks, William"
"1000132307","Updike, Scout"
"809062","Needham, Jake"
"1000121053","Jenkins, Croix"
"10022266","Erickson, Alex"
"1000055940","Silva, Gabriel "
"229617","Morice, James"
"808840","Dalena, Maddix"
"1000134878","White, Landon"
"1000133459","Smith, Cooper"
"1000190578","Owens, Jack"
"1000047646","Martin, Kaden"
"1000249181","Ciampa, Tristan"
"1000132416","Roche, Kyle"
"1000263637","Edwards Jr, Brad"
"809437","Mateo, Anthony"
"1000158364","Dunham, Brett"
"10153807","Van Kempen, Gavin"
"10064875","Snyder, Dan"
"1000091996","Gagen, Bradley"
"1000098166","Majick, Eli"
"801829","Allmer, Jay"
"1000214908","Sefrino, Jack"
"294581","Sullivan, Sy"
"10019092","Misla, Luis Tyler"
"1000121071","Baker, Bowen"
"1000098168","Bard, Parker"
"1000112202","Johnston, Zach"
"306638","Wholley, Adam"
"1000136753","Rogers, Zach"
"10097324","Adams, Chase"
"1000221086","Zenus, Aaron"
"1000262261","Marsh, Adam"
"1000095660","Lally, David"
"177439","Jefferis, Jagger"
"1000121781","Bowery, Jack"
"1000230356","Cable, Jack"
"813486","Wisenbaker, Cole"
"695787","Hodgdon, Trent"
"1000050202","Espelin, Nate"
"207593","McLaughlin, Duncan "
"1000179573","Dragon, Michael"
"809711","Poindexter, Jake"
"809067","Chudy, Nate"
"1000119757","Rose, Cedric"
"1000099708","Hannon, Kyle"
"10074014","Mateo, Anthony"
"1000121782","Wren, Jack"
"1000115256","Corn, Aidan"
"1000149736","Marsh, Adam"
"1000090794","Colarusso, AJ"
"1000106675","Bergevin, Matt"
"1000121781","Bowery, Jack "
"1000066572","Reynolds, Jack"
"1000099914","DeFabbia, Anthony"
"1000123097","DeCarlo, Nick"
"1000121041","Klein, Shugy"
"1000115231","Feretic, Nicholas"
"1000121894","Solimine, Justin"
"1000249163","Boyle, Jed"
"1000054410","Semon, Matt"
"1000155938","Ritch, Alec"
"10135604","Sullivan, Thomas"
"1000229004","Iannibelli, Jack "
"10167047","McGrath, Cooper"
"690955","Berkwich, Nelson"
"1000048965","Modugno, John"
"1000050917","Peyton, Jordan"
"813890","Vaughn, James"
"1000113749","Fuller, Brady"
"1000158394","DeGaetano, Chic"
"1000148867","Poindexter, Jake"
"702711","Blanco, Evan"
"1000111319","Jeffries, Graham"
"1000259199","Gardner, Patrick"
"10032666","Cerwinski, John"
"1000048518","Bedford, Matthew"
"1000187787","Cook, Jacob"
"1000255998","King, Dylan"
"1000136894","Anderson, Mike"
"1000048518","Bedford, Matt"
"1000051187","Roche, Tyler"
"804863","Danilowicz, Wyatt"
"1000100088","Lavelle, Declan"
"701684","Bautista, Jonathan "
"1000240102","Crider, Nate"
"1000099660","Babuschak, Jake"
"1000232234","Gibbs, Will"
"1000117550","Deliyannis, Harris"
"1000179581","Hagaman, David "
"1000156201","Lewis, Noah "
"1000121870","Scotti, Wyatt"
"1000132522","Modugno, John-Biago"
"1000253852","Bedford, Matt"
"1000125213","Taylor, Will"
"1000139900","Hunter, Rusell"
"1000094149","Jenkins, Will"
"809137","Hendry, Brian"
"1000078535","Borders, Jalen"
"1000098282","Kartsonas, Jack"
"10026137","Rowe, Matthew"
"10023249","Crider, Nate"
"1000083925","Modugno, John"
"1000117550","Deliyannis, Harilaos"
"1000100022","Thomason, Jay"
"1000119965","Benneche, Luke"
"1000180634","Hayden, Luke"
"1000113749","Fuller, Brady "
"808837"," Quinn, Braden"
"1000156081","Mullen, Jack "
"10111188","Cabral, Aiven"
"1000120944","Couture, Alec"
"1000111319","Jefferies, Graham"
"1000092781","Chalus Jr., Eric"
"10062906","Murphy, Tyler"
"10026137",", Matthew Rowe"
"1000168386","Quinn, Braden"
"10036658","Olejnik, Peyton"
"1000097860","McDaniel, Charlie"
"1000075386","Christmas, Tyler"
"10031747","Kraemer, Jackson"
"1000121840","Beauchesne, Jack"
"1000047641","Diamant, Demitri"
"1000119840","Scanlon, Sean"
"1000119766","Quigley, Michael"
"10111433","Macchiarola, Danny"
"1000213955","Allmer, Jay"
"1000249150","Gleason, Patrick"
"1000216496","DiaGiacomo, Fenix"
"1000216497","DiaGiacomo, Fenix"
"1000216498","DiaGiacomo, Fenix"
"1000216499","DiaGiacomo, Fenix"
"1000216500","DiaGiacomo, Fenix"
"1000216501","DiaGiacomo, Fenix"
"1000216502","DiaGiacomo, Fenix"
"10031129","Wallon, Davis"
"1000068602","Boyle, Nick "
"1000121989","Roberts, Ben"
"1000079568","Wheeler, Dylan"
"10111363","Ebner, Michael"
"1000093400","Wilson, Jacob"
"1000121869","Jones, Will"
"1000078321","Davis, Nicholas"
"10028175","King, Dylan"
"1000078673","Chudy, Nate"
"1000138121","Campbell, Kayden"
"1000122955","Wainwright, Tj "
"1000123955","Quinn, Braden"
"1000113051","Steele, Anthony"
"1000142975","Wywoda, Jaden"
"1000093560","Barrett, Seamus"
"1000050797","Bosley-Smith, Collin"
"1000156291","Diaz, Tyshaun"
"1000133922","Hodgdon, Trent"
"1000238612","Wisenbaker, Cole"
"1000110630","Danilowicz, Wyatt"
"1000110907","Ciminiello, Michael"
"1000080261","Grace, Zach"
"1000135335","Wesley, Damon"
"1000093635","Bianchi, Vinny"
"1000078616","Difiore, Chris"
"1000056283","Payero, Nick"
"1000078670","McOsker, Jake"
"1000055213","Garofalo, Luke"
"1000071779","Nunan, Matt"
"1000132393","Corporan, Emmanuel"
"1000054184","McKenney, Alex"
"1000105792","Rich, Lucas"
"1000056274"," Rue, Ryan"
"10000190","Baldayac, Erry "
"1000093500","McKernan, Kyle"
"1000121072","McVeigh, Colin"
"1000056670","Fenton, Alex"
"1000079243","Hearn, Will"
"1000055098","Farley, John"
"1000079216","Mascollo, Reid "
"1000132870","Anibal, Trevor"
"1000051799","Harry, Jay"
"1000132409","McDowell, James"
"1000050887","Byron, Zachary"
"1000079789","Kramer, Jack"
"1000122968","Rios, Joe"
"1000084131","Terwilliger, Jacob"
"1000079836","Melnick, Danny"
"1000132414","Qualey, Ryan"
"1000132342","Thomas Morrissey, Michael"
"1000136373","Smith, Matt"
"1000055213","Garofalo, Luke "
"1000079974","Abrams, Kohl"
"1000132332","Lewis, Noah"
"1000075094","Buchanan, Matthew"
"1000080745","Wegielnik, Robert"
"1000050898","Greene, Alex"
"1000051870","Murphy, Parker"
"1000132412","Krolikowski, Bryan"
"1000133988","Benincaso, Tommy"
"1000077682","Allen, Chase"
"1000079245","Lumpinski, John"
"1000092729","Grosz, Josh"
"1000098609","Peters, Garrett"
"1000099737","O'Donnell, Brendan"
"1000133988","Benincaso, Thomas"
"10061574","Strange, Brian"
"1000134526","Robidoux, Ryan"
"1000132401","Volgende, Michael"
"1000072138","Finateri, Aeden"
"1000084126","DeGaetano, Chic"
"1000061333","O'Hanlon, Michael"
"1000085191","Williams, Patrick"
"1000050279","Nordmann, Trey"
"1000108919","Legere, Tyler"
"1000132360","Perachi, Dominic"
"1000073056","Sakellaris, Peter"
"1000079467","Blair, Daniel"
"1000051914","Beal, Nate"
"1000075603","Dyke, Jack"
"1000050296","Peacock, Gerry"
"1000039296","Bianchina, Vincent"
"1000093795","Carwile, Cody"
"1000122968","Rios, Joseph"
"10076795","Rados, Matt"
"1000098915","Rados, Matt"
"1000098915","Lints, Renn"
"1000080007","Douglas, Ryan"
"1000079216","Mascolo, Reed"
"1000055396","Craven, Brian"
"1000136567","Lauria, Matt"
"1000072506","Matter, Case"
"1000072770","McCracken, James"
"1000114237","Weaver, Jacob"
"1000137368","D'Amore, Dante"
"212951","Bowery, Jack"
"1000121103","Heller, Carter"
"1000016413","Hansen, Cole"
"10017214","Lommel, Cade"
"691025","Wiegman, Benjamin"
"1000132372","Sophy, Kaleb"
"1000092870","Kohls, Carson"
"10023614","Skapinetz, Joe"
"1000100199","McKinney, Austin"
"1000134808","Quinn, Thomas"
"1000132402","Fagnant, Christian"
"10075361","McMullen, Jack"
"1000132403","DiLuca, Lucas"
"1000121642","Zaffiro, Cole"
"1000097369","Jacobs, Dylan"
"1000079045","Birchard, Ryan"
"1000132370","Masteralexis, Nathan"
"1000097703","Wetherell, Preston"
"1000051209","Omans, Cooper"
"1000119846","Mudd, Tyler"
"1000128048","Gleason, Ryan"
"1000119461","Tonghini, Julian"
"1000055800","Cone, Jack"
"1000132326","Tringale, Todd"
"1000116777","Kadlecik, Gannon"
"1000109972","Potok, Matt"
"1000067380","Sashin, James"
"1000122994","Pascarella, Mitchell"
"1000047728","Torres, Alejandro"
"1000091456","Hill, Camron"
"1000080322","Germinerio, Anthony"
"1000113949","Zern, Jude"
"1000137865","Neff, Andrew"
"1000103264","Rodgers, Zachary"
"1000051543","Kahler, Christopher"
"1000122964","Afthim, Brady"
"1000127732","Korson, Jarrett"
"1000132392","Mullen, Jack"
"1000132419","Young, Griffin"
"1000060529","Aldridge, Brendan"
"1000136867","Lallo, Darek"
"1000079840","Seitter, Kevin"
"1000100010","LeBlanc, Max"
"1000078605","LeVangie, Liam"
"1000137218","Beavin, Nick"
"1000070048","Clesas, Zachary"
"1000136364","Hutchins, Michael"
"1000136341","Notarangelo, Nic"
"1000136999","Wells, Tyler"
"1000135626","Maher, Cabot"
"1000088214","Dona, Aaron"
"10025639","Sapienza, Matthew"
"1000066671","McGuire, Logan"
"1000114105","Butler, Ryan"
"1000072146","Poindexter, Jake"
"1000091453","Ginther, Ryan"
"1000132324","Marshall, Luke"
"1000027021","Majewski, Sam"
"1000124405","Kenney, Timmy"
"1000132325","Tarlin, Max"
"1000112752","Schlesinger, Rafe"
"1000048925","Harris, Connor"
"1000112044","Easterly, Reid"
"1000101250","Gorski, Ben "
"1000136985","Ferrari, Holden"
"1000113684","Buchanan, Matthew"
"1000136310","Baldayac, Erry"
"1000114277","Harrington, Patrick"
"1000110792","Mikolaicyk, John"
"1000096955","Skeen, Riley"
"1000132408","Baeyens, Justin"
"1000115029","Sheets, Joe"
"1000056236","Noviello, Jake"
"1000069446","Conte, Nick"
"1000119561","Turner, Ken"
"1000134771","Cunha, Dom"
"1000136363","Pattermann, Brendan"
"1000064628","Ruscitti, Tom"
"1000132343","Almonte, Matt"
"1000113054","Renner, Chase"
"1000056275","Cinnella, Joe"
"1000121025","Cortland, Tyler"
"1000097882","Jones, Jon"
"1000134216","McDonald, Tyler"
"1000079761","Adams, Matthew"
"1000091411","Slevin, Sam"
"1000084184","Parker, Trey"
"1000136752","Walsh, Austin"
"1000113913","Ross, Michael"
"1000071770","Dowler, Adam"
"1000123330","Hohenstein, Nick"
"1000134924","Kuryan, Jared"
"1000136375","Schwede, Rian"
"1000085473","Simone, Zachary"
"1000134175","Williams, Joseph"
"688989","Gigliotti, Jake"
"1000093864","Stasio, Cole"
"1000078598","Burley, Jacob"
"1000119550","Burrows, Jared"
"1000036129","Velazquez, Jonathan"
"1000079439","DeJohn, Jackson"
"1000132350","Hogan, Sean"
"1000100009","Chrzanowski, Ben"
"1000136487","Sullivan, Nolan"
"1000100019","Bailey, Connor"
"1000132406","Hanson, Chase"
"10111872","Besser, Grant"
"1000112395","Butler, Ryan"
"1000132338","Darwin, Nate "
"1000136365","Sullivan, Owen"
"1000084235","Cirone, Tyler"
"1000018271","Kush, Jacob"
"1000132354","Quigley, Stephen"
"1000120193","Head, Ayden"
"1000079866","Garcia, Brandyn"
"1000062006","Logue, Seth"
"1000069610","Hagenow, Ryan"
"1000123136","McShane, Matt"
"1000048145","Alejandro, Hector"
"1000132323","Jeffries, Graham"
"1000132874","White, Brandon"
"1000132327","Davidson, Zachary"
"1000136895","Swarbrick, Jack"
"1000113471","Rumsey, Ryan"
"10061810","Tirrell, David"
"1000057512","Pacheco, Justin"
"1000090877","Nelson, Anthony"
"1000136888","Belliveau, Sam"
"10014869","Lotito, Christopher"
"1000136485","Rosado-Burgos, Anthony"
"1000132379","Munson, Aaron"
"1000016413","Hensen , Cole "
"1000078634","Peltier, Tom"
"1000097517","Long, Justin"
"1000066636","Arruda, Tylor"
"1000098132","Kafka, Alex"
"1000100086","Knox, Cameron"
"1000134767","Murphy, Ian"
"1000099323","Leach, Hudson"
"1000113942","Mosseau, Geoff"
"1000023351","Trotta, Mark"
"1000052014","Gallo, Ronaldo"
"1000068485","Deo, Ryan"
"1000079221","Dunkel, Carson"
"1000134215","Ogden, J.D"
"1000133598","Bradley-Cooney, Patrick"
"1000100010","Leblanc, Max"
"1000079161","Stone, Adam"
"1000099916","Gonzalez, Jonathan"
"1000112394","Moran, Nick"
"1000136484","Bickford, Jason "
"1000028183","Lowe, Collin"
"1000136485","Rosado-Burgos, Anthony "
"1000136487","Sullivan , Nolan"
"1000036095","Garland, Jake"
"1000058977","Simon, Jake"
"1000108902","Velazquez, Jonathan"
"8896756","Durgin, Nick"
"1000132378","Choate, Jack"
"1000098405","Wichrowski, Brett"
"1000136377","Hohmann, Ryan"
"1000078223","Fauci, Sonny"
"1000054050","Ignoffo, Ryan"
"1000123406","MacMillan, Blake"
"1000112747","Henry, Cason"
"1000132400","Sears, Andrew"
"10064032","Leonard, Caden"
"1000049013","Torres, Carlos"
"10016511","Patterman, Brendan"
"1000098810","Tabeling, Logan"
"1000055120","Ludwick, Charles"
"1000121121","Strmecki, Henry"
"1000078870","Crowley, Garrett"
"1000128538","Remley, Matthew"
"10016511","Pattermann, Brendan"
"1000120971","Chatfield, Jimmy"
"1000052198","Biancone, Joe"
"1000133530","Flynn, Christian"
"1000064587","Kosowsky, Joey"
"1000054444","French, Garrett"
"1000121803","Ventresca, Joey"
"1000056906","Jimenez, Ramon"
"1000112732","Higgins, Ryan"
"1000016354","Fadio, Blaze"
"1000050306","Dean, Noah"
"561965","Pattermann, Brendan"
"1000114277","Harrington, Pat"
"1000132410","Cuccurullo, Patrick"
"1000113336","Haynes, Kevin"
"1000098920","Carroll, Graeme"
"1000119929","Yoder, Jordan"
"1000134169","Donofrio, Anthony"
"1000084004","Ramirez, Alex"
"1000059572","Maves, Kyle"
"1000132391","Marshall, Jacob"
"1000091772","Carter, Greysen"
"1000059633","Dundas, Cooper"
"1000114027","Bunnell, Jack"
"1000099737","O'Donnell, Brendan "
"1000084711","Flanagan, William"
"1000073055","Johnson, Noah"
"1000133594","Lidsky, Blaine"
"1000133567","Willis, Coleman"
"1000080238","Venezia, Frankie"
"1000077078","Magrans, Kyle"
"1000132398","Roman, Andrew"
"1000134215","Ogden, J.D."
"1000075628","Rotkis, Joe"
"1000134216","mcdonald, tyler"
"1000079148","Tenney, Derek"
"1000078870","Crowley, Garret"
"1000051255","Oneil, Josh"
"9000161379","Wainer, Austin"
"1000078669","DiLauro, Jack"
"1000059990","Novak, Kyle"
"1000132330","Johnson, Dylan"
"1000132331","O'Brien, Brady"
"1000120944","Couture, Alec "
"1000080726","Willhoite, Trace"
"10075230","Valdez, Johnnie"
"1000132874","White , Brandon"
"1000132334","Spizzoucco, Vincent"
"1000133554","Johnson, Dayvin"
"1000133426","Lysik, Brendan"
"1000051255","O'Neill, Josh"
"10035728","Jensen, Noah"
"1000132369","Masser, Jacob"
"90000217908","Kaufman, Ty"
"1000088215","Eickhoff, Logan"
"1000023406","Koester, Logan"
"10027053","Dawkins, Riley"
"1000121846","Thorbahn, Jack"
"1000133529","Battipaglia, Ian"
"1000113946","White, Jermaine"
"1000113070","Gerlott, Billy"
"1000133530","Flynn, Chris"
"1000132417","Pletter, Jack"
"1000105746","Moskowitz, Jacob"
"1000025891","Kingsbury, Jimmy"
"1000105849","Valenzuela, Wilfrido"
"1000105855","Yoder, Jordan"
"1000054437","Mosseau, Geoff"
"8889122","Meylan, Scott"
"1000105846","Morr, Nolan"
"1000052236","Sharp, Reese"
"1000066541","Kipp, Grant"
"1000024801","Cherry, Justin"
"1000051192","Grintz, Adam"
"1000098926","Washington, Lenny"
"10018418","Mahmood, Blake"
"1000084034","Brutti, Bo"
"1000013062","Moore, Grayson"
"1000105743","Cywin, Chas"
"1000107898","Schoff, Tyler"
"1000092193","Humenay, Justin"
"1000056242","O'Neill, Brennan"
"1000024577","Pandaya, Rashesh"
"1000027360","Zinn, Jared"
"1000075823","Devito, Zachary"
"1000105748","Vaupel, Kevin"
"1000105766","Solimine, Justin"
"1000025873","Erickson, Matthew"
"1000105745","Moore, Jack"
"10002758","Zeldin, Brian"
"1000058973","Edwards, Jacob"
"1000054216","LaBonte, Trevor"
"1000105844","Benneche, Luke"
"1000008443","Tulio, Kellan"
"1000073063","Stahl, Nathan"
"1000060875","Gleason, Ryan"
"1000084002","Fernandez, Zach"
"1000110712","Lynd , Dallas "
"1000110713","Beavin, Nicholas "
"1000024443","Hinchliffe, Gavin"
"1000105845","Bennett, Samuel"
"1000110734","Masteralexis, Nathan"
"1000080750","Besser, Grant"
"1000084029","Coe, Garrett"
"1000051097","Schauer, Luke"
"1000029218","Aldrich, Chris"
"10019122","Easterly, Reid"
"1000050702","Colwell, Daniel"
"1000109821","Flynn, Chris"
"1000054214","Glock, Will"
"1000079018","Lovrich, Camden"
"1000075638","Davidson, Zach"
"1000036944","Bickerstaff, Calvin"
"1000058921","Wittman, Tucker"
"1000093565","Stallone, Louis"
"1000057360","Rojas Jr., Freddy"
"1000105742","Bogli, Shane"
"1000009873","Coffey, Brendan"
"1000105856","Zappulla, Vincenzo"
"1000024665","Dana, Beau"
"1000110132","christopulos , Evan "
"1000105858","Butera, Justin"
"1000105847","Sophy, Kaleb"
"1000041067","Stephens, Luke"
"1000107896","Ciccone, Jacob"
"8899618","Lopez, Ubaldo"
"1000063964","Levesque, Trystan"
"1000076608","Agron, Dom"
"1000055273","Blaisdell, Tim"
"1000054143","Keough, Garret"
"1000058975","Freeberger, Dominic"
"1000082130","Haga, Jackson"
"1000057504","Kmietek, Zane"
"1000025854","Cantone, Nick"
"1000072985","Schechter, Kenny"
"1000105841","Miller, Maso"
"1000050067","Padysak, Daniel"
"1000099325","Towle, Ryan"
"1000075578","Hoopingarner, Ethan"
"1000013585","Bacica, Michael"
"1000051383","Corbett, Kaleb"
"1000055485","Aronson, Matt"
"1000056600","Spitzbarth, Tyle"
"1000049451","Garrett, Cole"
"1000105912","Alejo, Randall"
"8882270","Ramsey, Ryan"
"1000093559","Phillips, Riley"
"1000069447","Galvan, Alex"
"1000056284","Faello, Mark "
"1000105764","Roche, Kyle"
"1000078994","Sarcone, Trystan"
"1000062682","Mendel, Marc"
"1000105765","Smith, Ryan"
"1000037066","Hattrup, Anthony"
"1000105898","Murray, Justin"
"1000105899","Pazulski, Bryan"
"1000073061","Gaffney, Brian"
"1000105759","Hogan, Sean"
"1000078097","Wood, Logan"
"8896068","Achuff, Chase"
"1000105763","Picard, Coleman"
"1000023164","Lajoie, Josh"
"1000105895","Dee, Ryan"
"1000033496","Mozzicato, Anthony"
"1000024577","Pandya, Rasesh"
"1000078488","Gibbs, Ben"
"1000105805","Burrows, Jared"
"1000105913","Leake, Henry"
"1000093144","Bradley, Gage"
"1000105793","Sabia, Dylan"
"1000026792","Hegarty, Daniel"
"1000074644","Klitenic, Clark"
"1000025879","Theis, Alex "
"1000024665","Dana, Beau "
"1000100622","Austin, Channing"
"8891002","McCarthy, Oliver"
"1000093536","Brady, Sam"
"1000013802","Vanderhei, Ryan"
"1000036990","Siverling, Matthew"
"1000078617","Greer, Will"
"1000085795","Boucher, Adam"
"1000025498","Aldrich, Jack"
"1000054605","Weeks, Jack"
"1125050","Berry, Jake"
"1000107896","Ciccone, Jacob "
"1000080750","Besser , Grant "
"1000105851","Willeman, Landon"
"1000105859","Bryant, Alex"
"1000024753","Steckline, Ryan"
"1000098364","West, John"
"1000024443","Hinchliffe, Gavin "
"1000105840","Alexy, Richard"
"1000064651","Corporan, Emmanuel"
"1000013223","Sullivan, William"
"1000054613","Tonas, Angelo"
"1000105758","Farinelli, Michael"
"1000105865","Marshall, Luke"
"1000105867","Steinhauer, Ryan"
"10018932","Driver, Jay"
"1000024564","Moxey, Todd"
"1000105809","Niman, Dominic"
"1000024713","Whitten, Cody"
"1000101254","McLain, Nathan"
"1000105901","Gamelin, Shaun"
"1000074559","Kuehler, Cade"
"1000052069","Balboni, Thomas"
"1000105838","Hummer, Kevin"
"1000028181","Balducci, Antonio"
"1000026678","MacCauley, John"
"1000076021","Kelly, Jonathan"
"1000080432","Emus, Jackson"
"1000051300","Hollis, Caleb"
"8885904","Chappell, Zach"
"1000054611","Willis, Michael "
"1000067380","Sashin, James "
"1000099938","McDermott, Myles"
"8890814","Lepard, Taylor "
"1000054608","Redfern, Anthony"
"1000034874","Allegretti, Christian"
"1000105756","Fahey, Jimmy"
"1000054419","Brown, Josh"
"1000105760","Jensen, Noah"
"1000099329","Lommel, Cade"
"1000051565","Bye, Cameron"
"1000055896","Niznik, Noah"
"1000105810","Ryan, Joseph"
"1000062691","Baker, Bowen"
"1000060506","Wallace, Jack"
"1000078530","Hubbell, Aaron"
"1000106573","Sebastyanski, Kyle"
"1000105896","Martin, Drew"
